{"cameraMode":{"drawMode":0,"name":"Shaded","section":"Shading Mode"},"sceneLighting":true,"audioPlay":false,"sceneViewState":{"m_AlwaysRefresh":false,"showFog":true,"showSkybox":true,"showFlares":true,"showImageEffects":true,"showParticleSystems":true,"showVisualEffectGraphs":true,"m_FxEnabled":true},"in2DMode":false,"pivot":{"x":2.9018428325653078,"y":2.425483226776123,"z":4.516254901885986},"rotation":{"x":-0.26558563113212588,"y":-0.002316354541108012,"z":0.000633361516520381,"w":-0.964094340801239},"size":5.332054615020752,"orthographic":false}